INSERT INTO `haier`.`eb_core_factoring`
( `core_ent_id`, `core_ent_name`, `bl_ent_id`, `bl_ent_name`, `rz_time_out`, `min_rz_amt`, `min_open_amt`, `min_interest`, `min_ebill_percent`, `min_offline_pay`, `prepayment_min_days`, `is_split_bill`, `default_ebill_percent`, `oa_start_m`, `oa_start_d`, `end_pay_start_day`, `is_holiday_delay`, `acct_limit_date`, `delegate_pattern`, `filter_date`, `creator_id`, `create_date`, `create_time`, `modifier_id`, `modify_date`, `repeat_open_bill`, `prepare_pay_date`, `prepare_cash_date_method`, `premature_payment_flag`, `amount_payment_flag`, `stamp_name`, `actual_cash_date_method`, `flat_pricing_flag`, `taxRate`, `oa_min_open_amt`, `bl_stamp_name`, `loan_type`, `batch_flag`, `delay_flag`, `min_delay_rate`, `min_delay_fee_rate`, `batch_flag_day`, `need_attach`)
VALUES ('384', '和顺县中顺热力有限公司', '111', '海尔金融保理(重庆)有限公司', '18:00:00', '1000.00', '0.00', '0.00', '100', '0.00', '12', '0', '100', '0', '26', '1', '1', '120', '1', '201611', '0', '20190202', '183000', '0', '20190202', '1', '0', '1', '2', '1', '', '1', '2', '6.00', '0.00', '', '0', '0', '1', '0.00', '0.00', '0', NULL);


INSERT INTO `haier`.`eb_pay_type_dictionary` (`type_flag`, `core_ent_id`, `core_ent_name`, `pay_type`, `pay_type_name`, `create_date`, `create_time`, `creator_id`, `modify_date`, `modifier_id`) VALUES ('0', '384', '和顺县中顺热力有限公司', 'M0', '挂账即付现汇', '20180904', '183000', '0', NULL, NULL);
INSERT INTO `haier`.`eb_pay_type_dictionary` (`type_flag`, `core_ent_id`, `core_ent_name`, `pay_type`, `pay_type_name`, `create_date`, `create_time`, `creator_id`, `modify_date`, `modifier_id`) VALUES ('1', '384', '和顺县中顺热力有限公司', 'M0', 'OA0天', '20180904', '183000', '0', NULL, NULL);
INSERT INTO `haier`.`eb_pay_type_dictionary` (`type_flag`, `core_ent_id`, `core_ent_name`, `pay_type`, `pay_type_name`, `create_date`, `create_time`, `creator_id`, `modify_date`, `modifier_id`) VALUES ('0', '384', '和顺县中顺热力有限公司', 'M1', '挂账即付1个月银承', '20180904', '183000', '0', NULL, NULL);
INSERT INTO `haier`.`eb_pay_type_dictionary` (`type_flag`, `core_ent_id`, `core_ent_name`, `pay_type`, `pay_type_name`, `create_date`, `create_time`, `creator_id`, `modify_date`, `modifier_id`) VALUES ('0', '384', '和顺县中顺热力有限公司', 'M10', '挂账即付10个月银承', '20180904', '183000', '0', NULL, NULL);
INSERT INTO `haier`.`eb_pay_type_dictionary` (`type_flag`, `core_ent_id`, `core_ent_name`, `pay_type`, `pay_type_name`, `create_date`, `create_time`, `creator_id`, `modify_date`, `modifier_id`) VALUES ('0', '384', '和顺县中顺热力有限公司', 'M11', '挂账即付11个月银承', '20180904', '183000', '0', NULL, NULL);
INSERT INTO `haier`.`eb_pay_type_dictionary` (`type_flag`, `core_ent_id`, `core_ent_name`, `pay_type`, `pay_type_name`, `create_date`, `create_time`, `creator_id`, `modify_date`, `modifier_id`) VALUES ('0', '384', '和顺县中顺热力有限公司', 'M12', '挂账即付12个月银承', '20180904', '183000', '0', NULL, NULL);
INSERT INTO `haier`.`eb_pay_type_dictionary` (`type_flag`, `core_ent_id`, `core_ent_name`, `pay_type`, `pay_type_name`, `create_date`, `create_time`, `creator_id`, `modify_date`, `modifier_id`) VALUES ('0', '384', '和顺县中顺热力有限公司', 'M2', '挂账即付2个月银承', '20180904', '183000', '0', NULL, NULL);
INSERT INTO `haier`.`eb_pay_type_dictionary` (`type_flag`, `core_ent_id`, `core_ent_name`, `pay_type`, `pay_type_name`, `create_date`, `create_time`, `creator_id`, `modify_date`, `modifier_id`) VALUES ('0', '384', '和顺县中顺热力有限公司', 'M3', '挂账即付3个月银承', '20180904', '183000', '0', NULL, NULL);
INSERT INTO `haier`.`eb_pay_type_dictionary` (`type_flag`, `core_ent_id`, `core_ent_name`, `pay_type`, `pay_type_name`, `create_date`, `create_time`, `creator_id`, `modify_date`, `modifier_id`) VALUES ('0', '384', '和顺县中顺热力有限公司', 'M4', '挂账即付4个月银承', '20180904', '183000', '0', NULL, NULL);
INSERT INTO `haier`.`eb_pay_type_dictionary` (`type_flag`, `core_ent_id`, `core_ent_name`, `pay_type`, `pay_type_name`, `create_date`, `create_time`, `creator_id`, `modify_date`, `modifier_id`) VALUES ('0', '384', '和顺县中顺热力有限公司', 'M5', '挂账即付5个月银承', '20180904', '183000', '0', NULL, NULL);
INSERT INTO `haier`.`eb_pay_type_dictionary` (`type_flag`, `core_ent_id`, `core_ent_name`, `pay_type`, `pay_type_name`, `create_date`, `create_time`, `creator_id`, `modify_date`, `modifier_id`) VALUES ('0', '384', '和顺县中顺热力有限公司', 'M6', '挂账即付6个月银承', '20180904', '183000', '0', NULL, NULL);
INSERT INTO `haier`.`eb_pay_type_dictionary` (`type_flag`, `core_ent_id`, `core_ent_name`, `pay_type`, `pay_type_name`, `create_date`, `create_time`, `creator_id`, `modify_date`, `modifier_id`) VALUES ('0', '384', '和顺县中顺热力有限公司', 'M7', '挂账即付7个月银承', '20180904', '183000', '0', NULL, NULL);
INSERT INTO `haier`.`eb_pay_type_dictionary` (`type_flag`, `core_ent_id`, `core_ent_name`, `pay_type`, `pay_type_name`, `create_date`, `create_time`, `creator_id`, `modify_date`, `modifier_id`) VALUES ('0', '384', '和顺县中顺热力有限公司', 'M8', '挂账即付8个月银承', '20180904', '183000', '0', NULL, NULL);
INSERT INTO `haier`.`eb_pay_type_dictionary` (`type_flag`, `core_ent_id`, `core_ent_name`, `pay_type`, `pay_type_name`, `create_date`, `create_time`, `creator_id`, `modify_date`, `modifier_id`) VALUES ('0', '384', '和顺县中顺热力有限公司', 'M9', '挂账即付9个月银承', '20180904', '183000', '0', NULL, NULL);

INSERT INTO `haier`.`eb_r_ent_bl` (`ent_id`, `ent_name`, `bl_ent_id`, `bl_ent_name`, `create_date`, `create_time`, `creator_id`, `modify_date`, `modifier_id`) VALUES (384, '和顺县中顺热力有限公司', '111', '海尔金融保理(重庆)有限公司', '20190202', '190000', '0', NULL, NULL);

-- ========================= 西王淀粉有限公司 386 -====
-- ========================= 邹平西王玉米油有限公司 385 -====
INSERT INTO `haier`.`eb_core_factoring`
( `core_ent_id`, `core_ent_name`, `bl_ent_id`, `bl_ent_name`, `rz_time_out`, `min_rz_amt`, `min_open_amt`, `min_interest`, `min_ebill_percent`, `min_offline_pay`, `prepayment_min_days`, `is_split_bill`, `default_ebill_percent`, `oa_start_m`, `oa_start_d`, `end_pay_start_day`, `is_holiday_delay`, `acct_limit_date`, `delegate_pattern`, `filter_date`, `creator_id`, `create_date`, `create_time`, `modifier_id`, `modify_date`, `repeat_open_bill`, `prepare_pay_date`, `prepare_cash_date_method`, `premature_payment_flag`, `amount_payment_flag`, `stamp_name`, `actual_cash_date_method`, `flat_pricing_flag`, `taxRate`, `oa_min_open_amt`, `bl_stamp_name`, `loan_type`, `batch_flag`, `delay_flag`, `min_delay_rate`, `min_delay_fee_rate`, `batch_flag_day`, `need_attach`)
VALUES ('385', '邹平西王玉米油有限公司', '111', '海尔金融保理(重庆)有限公司', '18:00:00', '1000.00', '0.00', '0.00', '100', '0.00', '12', '0', '100', '0', '26', '1', '1', '120', '1', '201611', '0', '20190202', '183000', '0', '20190202', '1', '0', '1', '2', '1', '', '1', '2', '6.00', '0.00', '', '0', '0', '1', '0.00', '0.00', '0', NULL);
INSERT INTO `haier`.`eb_core_factoring`
( `core_ent_id`, `core_ent_name`, `bl_ent_id`, `bl_ent_name`, `rz_time_out`, `min_rz_amt`, `min_open_amt`, `min_interest`, `min_ebill_percent`, `min_offline_pay`, `prepayment_min_days`, `is_split_bill`, `default_ebill_percent`, `oa_start_m`, `oa_start_d`, `end_pay_start_day`, `is_holiday_delay`, `acct_limit_date`, `delegate_pattern`, `filter_date`, `creator_id`, `create_date`, `create_time`, `modifier_id`, `modify_date`, `repeat_open_bill`, `prepare_pay_date`, `prepare_cash_date_method`, `premature_payment_flag`, `amount_payment_flag`, `stamp_name`, `actual_cash_date_method`, `flat_pricing_flag`, `taxRate`, `oa_min_open_amt`, `bl_stamp_name`, `loan_type`, `batch_flag`, `delay_flag`, `min_delay_rate`, `min_delay_fee_rate`, `batch_flag_day`, `need_attach`)
VALUES ('386', '西王淀粉有限公司', '111', '海尔金融保理(重庆)有限公司', '18:00:00', '1000.00', '0.00', '0.00', '100', '0.00', '12', '0', '100', '0', '26', '1', '1', '120', '1', '201611', '0', '20190202', '183000', '0', '20190202', '1', '0', '1', '2', '1', '', '1', '2', '6.00', '0.00', '', '0', '0', '1', '0.00', '0.00', '0', NULL);


INSERT INTO `haier`.`eb_pay_type_dictionary` (`type_flag`, `core_ent_id`, `core_ent_name`, `pay_type`, `pay_type_name`, `create_date`, `create_time`, `creator_id`, `modify_date`, `modifier_id`) VALUES ('0', '385', '邹平西王玉米油有限公司', 'M0', '挂账即付现汇', '20180904', '183000', '0', NULL, NULL);
INSERT INTO `haier`.`eb_pay_type_dictionary` (`type_flag`, `core_ent_id`, `core_ent_name`, `pay_type`, `pay_type_name`, `create_date`, `create_time`, `creator_id`, `modify_date`, `modifier_id`) VALUES ('1', '385', '邹平西王玉米油有限公司', 'M0', 'OA0天', '20180904', '183000', '0', NULL, NULL);
INSERT INTO `haier`.`eb_pay_type_dictionary` (`type_flag`, `core_ent_id`, `core_ent_name`, `pay_type`, `pay_type_name`, `create_date`, `create_time`, `creator_id`, `modify_date`, `modifier_id`) VALUES ('0', '385', '邹平西王玉米油有限公司', 'M1', '挂账即付1个月银承', '20180904', '183000', '0', NULL, NULL);
INSERT INTO `haier`.`eb_pay_type_dictionary` (`type_flag`, `core_ent_id`, `core_ent_name`, `pay_type`, `pay_type_name`, `create_date`, `create_time`, `creator_id`, `modify_date`, `modifier_id`) VALUES ('0', '385', '邹平西王玉米油有限公司', 'M10', '挂账即付10个月银承', '20180904', '183000', '0', NULL, NULL);
INSERT INTO `haier`.`eb_pay_type_dictionary` (`type_flag`, `core_ent_id`, `core_ent_name`, `pay_type`, `pay_type_name`, `create_date`, `create_time`, `creator_id`, `modify_date`, `modifier_id`) VALUES ('0', '385', '邹平西王玉米油有限公司', 'M11', '挂账即付11个月银承', '20180904', '183000', '0', NULL, NULL);
INSERT INTO `haier`.`eb_pay_type_dictionary` (`type_flag`, `core_ent_id`, `core_ent_name`, `pay_type`, `pay_type_name`, `create_date`, `create_time`, `creator_id`, `modify_date`, `modifier_id`) VALUES ('0', '385', '邹平西王玉米油有限公司', 'M12', '挂账即付12个月银承', '20180904', '183000', '0', NULL, NULL);
INSERT INTO `haier`.`eb_pay_type_dictionary` (`type_flag`, `core_ent_id`, `core_ent_name`, `pay_type`, `pay_type_name`, `create_date`, `create_time`, `creator_id`, `modify_date`, `modifier_id`) VALUES ('0', '385', '邹平西王玉米油有限公司', 'M2', '挂账即付2个月银承', '20180904', '183000', '0', NULL, NULL);
INSERT INTO `haier`.`eb_pay_type_dictionary` (`type_flag`, `core_ent_id`, `core_ent_name`, `pay_type`, `pay_type_name`, `create_date`, `create_time`, `creator_id`, `modify_date`, `modifier_id`) VALUES ('0', '385', '邹平西王玉米油有限公司', 'M3', '挂账即付3个月银承', '20180904', '183000', '0', NULL, NULL);
INSERT INTO `haier`.`eb_pay_type_dictionary` (`type_flag`, `core_ent_id`, `core_ent_name`, `pay_type`, `pay_type_name`, `create_date`, `create_time`, `creator_id`, `modify_date`, `modifier_id`) VALUES ('0', '385', '邹平西王玉米油有限公司', 'M4', '挂账即付4个月银承', '20180904', '183000', '0', NULL, NULL);
INSERT INTO `haier`.`eb_pay_type_dictionary` (`type_flag`, `core_ent_id`, `core_ent_name`, `pay_type`, `pay_type_name`, `create_date`, `create_time`, `creator_id`, `modify_date`, `modifier_id`) VALUES ('0', '385', '邹平西王玉米油有限公司', 'M5', '挂账即付5个月银承', '20180904', '183000', '0', NULL, NULL);
INSERT INTO `haier`.`eb_pay_type_dictionary` (`type_flag`, `core_ent_id`, `core_ent_name`, `pay_type`, `pay_type_name`, `create_date`, `create_time`, `creator_id`, `modify_date`, `modifier_id`) VALUES ('0', '385', '邹平西王玉米油有限公司', 'M6', '挂账即付6个月银承', '20180904', '183000', '0', NULL, NULL);
INSERT INTO `haier`.`eb_pay_type_dictionary` (`type_flag`, `core_ent_id`, `core_ent_name`, `pay_type`, `pay_type_name`, `create_date`, `create_time`, `creator_id`, `modify_date`, `modifier_id`) VALUES ('0', '385', '邹平西王玉米油有限公司', 'M7', '挂账即付7个月银承', '20180904', '183000', '0', NULL, NULL);
INSERT INTO `haier`.`eb_pay_type_dictionary` (`type_flag`, `core_ent_id`, `core_ent_name`, `pay_type`, `pay_type_name`, `create_date`, `create_time`, `creator_id`, `modify_date`, `modifier_id`) VALUES ('0', '385', '邹平西王玉米油有限公司', 'M8', '挂账即付8个月银承', '20180904', '183000', '0', NULL, NULL);
INSERT INTO `haier`.`eb_pay_type_dictionary` (`type_flag`, `core_ent_id`, `core_ent_name`, `pay_type`, `pay_type_name`, `create_date`, `create_time`, `creator_id`, `modify_date`, `modifier_id`) VALUES ('0', '385', '邹平西王玉米油有限公司', 'M9', '挂账即付9个月银承', '20180904', '183000', '0', NULL, NULL);


INSERT INTO `haier`.`eb_pay_type_dictionary` (`type_flag`, `core_ent_id`, `core_ent_name`, `pay_type`, `pay_type_name`, `create_date`, `create_time`, `creator_id`, `modify_date`, `modifier_id`) VALUES ('0', '386', '西王淀粉有限公司', 'M0', '挂账即付现汇', '20180904', '183000', '0', NULL, NULL);
INSERT INTO `haier`.`eb_pay_type_dictionary` (`type_flag`, `core_ent_id`, `core_ent_name`, `pay_type`, `pay_type_name`, `create_date`, `create_time`, `creator_id`, `modify_date`, `modifier_id`) VALUES ('1', '386', '西王淀粉有限公司', 'M0', 'OA0天', '20180904', '183000', '0', NULL, NULL);
INSERT INTO `haier`.`eb_pay_type_dictionary` (`type_flag`, `core_ent_id`, `core_ent_name`, `pay_type`, `pay_type_name`, `create_date`, `create_time`, `creator_id`, `modify_date`, `modifier_id`) VALUES ('0', '386', '西王淀粉有限公司', 'M1', '挂账即付1个月银承', '20180904', '183000', '0', NULL, NULL);
INSERT INTO `haier`.`eb_pay_type_dictionary` (`type_flag`, `core_ent_id`, `core_ent_name`, `pay_type`, `pay_type_name`, `create_date`, `create_time`, `creator_id`, `modify_date`, `modifier_id`) VALUES ('0', '386', '西王淀粉有限公司', 'M10', '挂账即付10个月银承', '20180904', '183000', '0', NULL, NULL);
INSERT INTO `haier`.`eb_pay_type_dictionary` (`type_flag`, `core_ent_id`, `core_ent_name`, `pay_type`, `pay_type_name`, `create_date`, `create_time`, `creator_id`, `modify_date`, `modifier_id`) VALUES ('0', '386', '西王淀粉有限公司', 'M11', '挂账即付11个月银承', '20180904', '183000', '0', NULL, NULL);
INSERT INTO `haier`.`eb_pay_type_dictionary` (`type_flag`, `core_ent_id`, `core_ent_name`, `pay_type`, `pay_type_name`, `create_date`, `create_time`, `creator_id`, `modify_date`, `modifier_id`) VALUES ('0', '386', '西王淀粉有限公司', 'M12', '挂账即付12个月银承', '20180904', '183000', '0', NULL, NULL);
INSERT INTO `haier`.`eb_pay_type_dictionary` (`type_flag`, `core_ent_id`, `core_ent_name`, `pay_type`, `pay_type_name`, `create_date`, `create_time`, `creator_id`, `modify_date`, `modifier_id`) VALUES ('0', '386', '西王淀粉有限公司', 'M2', '挂账即付2个月银承', '20180904', '183000', '0', NULL, NULL);
INSERT INTO `haier`.`eb_pay_type_dictionary` (`type_flag`, `core_ent_id`, `core_ent_name`, `pay_type`, `pay_type_name`, `create_date`, `create_time`, `creator_id`, `modify_date`, `modifier_id`) VALUES ('0', '386', '西王淀粉有限公司', 'M3', '挂账即付3个月银承', '20180904', '183000', '0', NULL, NULL);
INSERT INTO `haier`.`eb_pay_type_dictionary` (`type_flag`, `core_ent_id`, `core_ent_name`, `pay_type`, `pay_type_name`, `create_date`, `create_time`, `creator_id`, `modify_date`, `modifier_id`) VALUES ('0', '386', '西王淀粉有限公司', 'M4', '挂账即付4个月银承', '20180904', '183000', '0', NULL, NULL);
INSERT INTO `haier`.`eb_pay_type_dictionary` (`type_flag`, `core_ent_id`, `core_ent_name`, `pay_type`, `pay_type_name`, `create_date`, `create_time`, `creator_id`, `modify_date`, `modifier_id`) VALUES ('0', '386', '西王淀粉有限公司', 'M5', '挂账即付5个月银承', '20180904', '183000', '0', NULL, NULL);
INSERT INTO `haier`.`eb_pay_type_dictionary` (`type_flag`, `core_ent_id`, `core_ent_name`, `pay_type`, `pay_type_name`, `create_date`, `create_time`, `creator_id`, `modify_date`, `modifier_id`) VALUES ('0', '386', '西王淀粉有限公司', 'M6', '挂账即付6个月银承', '20180904', '183000', '0', NULL, NULL);
INSERT INTO `haier`.`eb_pay_type_dictionary` (`type_flag`, `core_ent_id`, `core_ent_name`, `pay_type`, `pay_type_name`, `create_date`, `create_time`, `creator_id`, `modify_date`, `modifier_id`) VALUES ('0', '386', '西王淀粉有限公司', 'M7', '挂账即付7个月银承', '20180904', '183000', '0', NULL, NULL);
INSERT INTO `haier`.`eb_pay_type_dictionary` (`type_flag`, `core_ent_id`, `core_ent_name`, `pay_type`, `pay_type_name`, `create_date`, `create_time`, `creator_id`, `modify_date`, `modifier_id`) VALUES ('0', '386', '西王淀粉有限公司', 'M8', '挂账即付8个月银承', '20180904', '183000', '0', NULL, NULL);
INSERT INTO `haier`.`eb_pay_type_dictionary` (`type_flag`, `core_ent_id`, `core_ent_name`, `pay_type`, `pay_type_name`, `create_date`, `create_time`, `creator_id`, `modify_date`, `modifier_id`) VALUES ('0', '386', '西王淀粉有限公司', 'M9', '挂账即付9个月银承', '20180904', '183000', '0', NULL, NULL);


INSERT INTO `haier`.`eb_r_ent_bl` (`ent_id`, `ent_name`, `bl_ent_id`, `bl_ent_name`, `create_date`, `create_time`, `creator_id`, `modify_date`, `modifier_id`) VALUES (385, '邹平西王玉米油有限公司', '111', '海尔金融保理(重庆)有限公司', '20190202', '190000', '0', NULL, NULL);
INSERT INTO `haier`.`eb_r_ent_bl` (`ent_id`, `ent_name`, `bl_ent_id`, `bl_ent_name`, `create_date`, `create_time`, `creator_id`, `modify_date`, `modifier_id`) VALUES (386, '西王淀粉有限公司', '111', '海尔金融保理(重庆)有限公司', '20190202', '190000', '0', NULL, NULL);










---================================ 20190212 ================
陕西同盛医药有限责任公司   390
西安怡康医药连锁有限责任公司  391

INSERT INTO `haier`.`eb_core_factoring`
( `core_ent_id`, `core_ent_name`, `bl_ent_id`, `bl_ent_name`, `rz_time_out`, `min_rz_amt`, `min_open_amt`, `min_interest`, `min_ebill_percent`, `min_offline_pay`, `prepayment_min_days`, `is_split_bill`, `default_ebill_percent`, `oa_start_m`, `oa_start_d`, `end_pay_start_day`, `is_holiday_delay`, `acct_limit_date`, `delegate_pattern`, `filter_date`, `creator_id`, `create_date`, `create_time`, `modifier_id`, `modify_date`, `repeat_open_bill`, `prepare_pay_date`, `prepare_cash_date_method`, `premature_payment_flag`, `amount_payment_flag`, `stamp_name`, `actual_cash_date_method`, `flat_pricing_flag`, `taxRate`, `oa_min_open_amt`, `bl_stamp_name`, `loan_type`, `batch_flag`, `delay_flag`, `min_delay_rate`, `min_delay_fee_rate`, `batch_flag_day`, `need_attach`)
VALUES ('390', '陕西同盛医药有限责任公司', '111', '海尔金融保理(重庆)有限公司', '18:00:00', '1000.00', '0.00', '0.00', '100', '0.00', '12', '0', '100', '0', '26', '1', '1', '120', '1', '201611', '0', '20190215', '183000', '0', '20190215', '1', '0', '1', '2', '1', '', '1', '2', '6.00', '0.00', '', '0', '0', '1', '0.00', '0.00', '0', NULL);
INSERT INTO `haier`.`eb_core_factoring`
( `core_ent_id`, `core_ent_name`, `bl_ent_id`, `bl_ent_name`, `rz_time_out`, `min_rz_amt`, `min_open_amt`, `min_interest`, `min_ebill_percent`, `min_offline_pay`, `prepayment_min_days`, `is_split_bill`, `default_ebill_percent`, `oa_start_m`, `oa_start_d`, `end_pay_start_day`, `is_holiday_delay`, `acct_limit_date`, `delegate_pattern`, `filter_date`, `creator_id`, `create_date`, `create_time`, `modifier_id`, `modify_date`, `repeat_open_bill`, `prepare_pay_date`, `prepare_cash_date_method`, `premature_payment_flag`, `amount_payment_flag`, `stamp_name`, `actual_cash_date_method`, `flat_pricing_flag`, `taxRate`, `oa_min_open_amt`, `bl_stamp_name`, `loan_type`, `batch_flag`, `delay_flag`, `min_delay_rate`, `min_delay_fee_rate`, `batch_flag_day`, `need_attach`)
VALUES ('391', '西安怡康医药连锁有限责任公司', '111', '海尔金融保理(重庆)有限公司', '18:00:00', '1000.00', '0.00', '0.00', '100', '0.00', '12', '0', '100', '0', '26', '1', '1', '120', '1', '201611', '0', '20190215', '183000', '0', '20190215', '1', '0', '1', '2', '1', '', '1', '2', '6.00', '0.00', '', '0', '0', '1', '0.00', '0.00', '0', NULL);


INSERT INTO `haier`.`eb_pay_type_dictionary` (`type_flag`, `core_ent_id`, `core_ent_name`, `pay_type`, `pay_type_name`, `create_date`, `create_time`, `creator_id`, `modify_date`, `modifier_id`) VALUES ('0', '390', '陕西同盛医药有限责任公司', 'M0', '挂账即付现汇', '20180904', '183000', '0', NULL, NULL);
INSERT INTO `haier`.`eb_pay_type_dictionary` (`type_flag`, `core_ent_id`, `core_ent_name`, `pay_type`, `pay_type_name`, `create_date`, `create_time`, `creator_id`, `modify_date`, `modifier_id`) VALUES ('1', '390', '陕西同盛医药有限责任公司', 'M0', 'OA0天', '20180904', '183000', '0', NULL, NULL);
INSERT INTO `haier`.`eb_pay_type_dictionary` (`type_flag`, `core_ent_id`, `core_ent_name`, `pay_type`, `pay_type_name`, `create_date`, `create_time`, `creator_id`, `modify_date`, `modifier_id`) VALUES ('0', '390', '陕西同盛医药有限责任公司', 'M1', '挂账即付1个月银承', '20180904', '183000', '0', NULL, NULL);
INSERT INTO `haier`.`eb_pay_type_dictionary` (`type_flag`, `core_ent_id`, `core_ent_name`, `pay_type`, `pay_type_name`, `create_date`, `create_time`, `creator_id`, `modify_date`, `modifier_id`) VALUES ('0', '390', '陕西同盛医药有限责任公司', 'M10', '挂账即付10个月银承', '20180904', '183000', '0', NULL, NULL);
INSERT INTO `haier`.`eb_pay_type_dictionary` (`type_flag`, `core_ent_id`, `core_ent_name`, `pay_type`, `pay_type_name`, `create_date`, `create_time`, `creator_id`, `modify_date`, `modifier_id`) VALUES ('0', '390', '陕西同盛医药有限责任公司', 'M11', '挂账即付11个月银承', '20180904', '183000', '0', NULL, NULL);
INSERT INTO `haier`.`eb_pay_type_dictionary` (`type_flag`, `core_ent_id`, `core_ent_name`, `pay_type`, `pay_type_name`, `create_date`, `create_time`, `creator_id`, `modify_date`, `modifier_id`) VALUES ('0', '390', '陕西同盛医药有限责任公司', 'M12', '挂账即付12个月银承', '20180904', '183000', '0', NULL, NULL);
INSERT INTO `haier`.`eb_pay_type_dictionary` (`type_flag`, `core_ent_id`, `core_ent_name`, `pay_type`, `pay_type_name`, `create_date`, `create_time`, `creator_id`, `modify_date`, `modifier_id`) VALUES ('0', '390', '陕西同盛医药有限责任公司', 'M2', '挂账即付2个月银承', '20180904', '183000', '0', NULL, NULL);
INSERT INTO `haier`.`eb_pay_type_dictionary` (`type_flag`, `core_ent_id`, `core_ent_name`, `pay_type`, `pay_type_name`, `create_date`, `create_time`, `creator_id`, `modify_date`, `modifier_id`) VALUES ('0', '390', '陕西同盛医药有限责任公司', 'M3', '挂账即付3个月银承', '20180904', '183000', '0', NULL, NULL);
INSERT INTO `haier`.`eb_pay_type_dictionary` (`type_flag`, `core_ent_id`, `core_ent_name`, `pay_type`, `pay_type_name`, `create_date`, `create_time`, `creator_id`, `modify_date`, `modifier_id`) VALUES ('0', '390', '陕西同盛医药有限责任公司', 'M4', '挂账即付4个月银承', '20180904', '183000', '0', NULL, NULL);
INSERT INTO `haier`.`eb_pay_type_dictionary` (`type_flag`, `core_ent_id`, `core_ent_name`, `pay_type`, `pay_type_name`, `create_date`, `create_time`, `creator_id`, `modify_date`, `modifier_id`) VALUES ('0', '390', '陕西同盛医药有限责任公司', 'M5', '挂账即付5个月银承', '20180904', '183000', '0', NULL, NULL);
INSERT INTO `haier`.`eb_pay_type_dictionary` (`type_flag`, `core_ent_id`, `core_ent_name`, `pay_type`, `pay_type_name`, `create_date`, `create_time`, `creator_id`, `modify_date`, `modifier_id`) VALUES ('0', '390', '陕西同盛医药有限责任公司', 'M6', '挂账即付6个月银承', '20180904', '183000', '0', NULL, NULL);
INSERT INTO `haier`.`eb_pay_type_dictionary` (`type_flag`, `core_ent_id`, `core_ent_name`, `pay_type`, `pay_type_name`, `create_date`, `create_time`, `creator_id`, `modify_date`, `modifier_id`) VALUES ('0', '390', '陕西同盛医药有限责任公司', 'M7', '挂账即付7个月银承', '20180904', '183000', '0', NULL, NULL);
INSERT INTO `haier`.`eb_pay_type_dictionary` (`type_flag`, `core_ent_id`, `core_ent_name`, `pay_type`, `pay_type_name`, `create_date`, `create_time`, `creator_id`, `modify_date`, `modifier_id`) VALUES ('0', '390', '陕西同盛医药有限责任公司', 'M8', '挂账即付8个月银承', '20180904', '183000', '0', NULL, NULL);
INSERT INTO `haier`.`eb_pay_type_dictionary` (`type_flag`, `core_ent_id`, `core_ent_name`, `pay_type`, `pay_type_name`, `create_date`, `create_time`, `creator_id`, `modify_date`, `modifier_id`) VALUES ('0', '390', '陕西同盛医药有限责任公司', 'M9', '挂账即付9个月银承', '20180904', '183000', '0', NULL, NULL);


INSERT INTO `haier`.`eb_pay_type_dictionary` (`type_flag`, `core_ent_id`, `core_ent_name`, `pay_type`, `pay_type_name`, `create_date`, `create_time`, `creator_id`, `modify_date`, `modifier_id`) VALUES ('0', '391', '西安怡康医药连锁有限责任公司', 'M0', '挂账即付现汇', '20180904', '183000', '0', NULL, NULL);
INSERT INTO `haier`.`eb_pay_type_dictionary` (`type_flag`, `core_ent_id`, `core_ent_name`, `pay_type`, `pay_type_name`, `create_date`, `create_time`, `creator_id`, `modify_date`, `modifier_id`) VALUES ('1', '391', '西安怡康医药连锁有限责任公司', 'M0', 'OA0天', '20180904', '183000', '0', NULL, NULL);
INSERT INTO `haier`.`eb_pay_type_dictionary` (`type_flag`, `core_ent_id`, `core_ent_name`, `pay_type`, `pay_type_name`, `create_date`, `create_time`, `creator_id`, `modify_date`, `modifier_id`) VALUES ('0', '391', '西安怡康医药连锁有限责任公司', 'M1', '挂账即付1个月银承', '20180904', '183000', '0', NULL, NULL);
INSERT INTO `haier`.`eb_pay_type_dictionary` (`type_flag`, `core_ent_id`, `core_ent_name`, `pay_type`, `pay_type_name`, `create_date`, `create_time`, `creator_id`, `modify_date`, `modifier_id`) VALUES ('0', '391', '西安怡康医药连锁有限责任公司', 'M10', '挂账即付10个月银承', '20180904', '183000', '0', NULL, NULL);
INSERT INTO `haier`.`eb_pay_type_dictionary` (`type_flag`, `core_ent_id`, `core_ent_name`, `pay_type`, `pay_type_name`, `create_date`, `create_time`, `creator_id`, `modify_date`, `modifier_id`) VALUES ('0', '391', '西安怡康医药连锁有限责任公司', 'M11', '挂账即付11个月银承', '20180904', '183000', '0', NULL, NULL);
INSERT INTO `haier`.`eb_pay_type_dictionary` (`type_flag`, `core_ent_id`, `core_ent_name`, `pay_type`, `pay_type_name`, `create_date`, `create_time`, `creator_id`, `modify_date`, `modifier_id`) VALUES ('0', '391', '西安怡康医药连锁有限责任公司', 'M12', '挂账即付12个月银承', '20180904', '183000', '0', NULL, NULL);
INSERT INTO `haier`.`eb_pay_type_dictionary` (`type_flag`, `core_ent_id`, `core_ent_name`, `pay_type`, `pay_type_name`, `create_date`, `create_time`, `creator_id`, `modify_date`, `modifier_id`) VALUES ('0', '391', '西安怡康医药连锁有限责任公司', 'M2', '挂账即付2个月银承', '20180904', '183000', '0', NULL, NULL);
INSERT INTO `haier`.`eb_pay_type_dictionary` (`type_flag`, `core_ent_id`, `core_ent_name`, `pay_type`, `pay_type_name`, `create_date`, `create_time`, `creator_id`, `modify_date`, `modifier_id`) VALUES ('0', '391', '西安怡康医药连锁有限责任公司', 'M3', '挂账即付3个月银承', '20180904', '183000', '0', NULL, NULL);
INSERT INTO `haier`.`eb_pay_type_dictionary` (`type_flag`, `core_ent_id`, `core_ent_name`, `pay_type`, `pay_type_name`, `create_date`, `create_time`, `creator_id`, `modify_date`, `modifier_id`) VALUES ('0', '391', '西安怡康医药连锁有限责任公司', 'M4', '挂账即付4个月银承', '20180904', '183000', '0', NULL, NULL);
INSERT INTO `haier`.`eb_pay_type_dictionary` (`type_flag`, `core_ent_id`, `core_ent_name`, `pay_type`, `pay_type_name`, `create_date`, `create_time`, `creator_id`, `modify_date`, `modifier_id`) VALUES ('0', '391', '西安怡康医药连锁有限责任公司', 'M5', '挂账即付5个月银承', '20180904', '183000', '0', NULL, NULL);
INSERT INTO `haier`.`eb_pay_type_dictionary` (`type_flag`, `core_ent_id`, `core_ent_name`, `pay_type`, `pay_type_name`, `create_date`, `create_time`, `creator_id`, `modify_date`, `modifier_id`) VALUES ('0', '391', '西安怡康医药连锁有限责任公司', 'M6', '挂账即付6个月银承', '20180904', '183000', '0', NULL, NULL);
INSERT INTO `haier`.`eb_pay_type_dictionary` (`type_flag`, `core_ent_id`, `core_ent_name`, `pay_type`, `pay_type_name`, `create_date`, `create_time`, `creator_id`, `modify_date`, `modifier_id`) VALUES ('0', '391', '西安怡康医药连锁有限责任公司', 'M7', '挂账即付7个月银承', '20180904', '183000', '0', NULL, NULL);
INSERT INTO `haier`.`eb_pay_type_dictionary` (`type_flag`, `core_ent_id`, `core_ent_name`, `pay_type`, `pay_type_name`, `create_date`, `create_time`, `creator_id`, `modify_date`, `modifier_id`) VALUES ('0', '391', '西安怡康医药连锁有限责任公司', 'M8', '挂账即付8个月银承', '20180904', '183000', '0', NULL, NULL);
INSERT INTO `haier`.`eb_pay_type_dictionary` (`type_flag`, `core_ent_id`, `core_ent_name`, `pay_type`, `pay_type_name`, `create_date`, `create_time`, `creator_id`, `modify_date`, `modifier_id`) VALUES ('0', '391', '西安怡康医药连锁有限责任公司', 'M9', '挂账即付9个月银承', '20180904', '183000', '0', NULL, NULL);


INSERT INTO `haier`.`eb_r_ent_bl` (`ent_id`, `ent_name`, `bl_ent_id`, `bl_ent_name`, `create_date`, `create_time`, `creator_id`, `modify_date`, `modifier_id`) VALUES (390, '陕西同盛医药有限责任公司', '111', '海尔金融保理(重庆)有限公司', '20190215', '190000', '0', NULL, NULL);
INSERT INTO `haier`.`eb_r_ent_bl` (`ent_id`, `ent_name`, `bl_ent_id`, `bl_ent_name`, `create_date`, `create_time`, `creator_id`, `modify_date`, `modifier_id`) VALUES (391, '西安怡康医药连锁有限责任公司', '111', '海尔金融保理(重庆)有限公司', '20190215', '190000', '0', NULL, NULL);

-- ===================

-- '巴中市交通建设有限公司' 395, '西安市建总工程集团有限公司' 398
-- select * from eb_enterprise order by id desc LIMIT 10;
-- select * from eb_enterprise where name in ('巴中市交通建设有限公司', '西安市建总工程集团有限公司');
-- SELECT * from eb_core_factoring where core_ent_id in (395, 398);

INSERT INTO `haier`.`eb_core_factoring`
( `core_ent_id`, `core_ent_name`, `bl_ent_id`, `bl_ent_name`, `rz_time_out`, `min_rz_amt`, `min_open_amt`, `min_interest`, `min_ebill_percent`, `min_offline_pay`, `prepayment_min_days`, `is_split_bill`, `default_ebill_percent`, `oa_start_m`, `oa_start_d`, `end_pay_start_day`, `is_holiday_delay`, `acct_limit_date`, `delegate_pattern`, `filter_date`, `creator_id`, `create_date`, `create_time`, `modifier_id`, `modify_date`, `repeat_open_bill`, `prepare_pay_date`, `prepare_cash_date_method`, `premature_payment_flag`, `amount_payment_flag`, `stamp_name`, `actual_cash_date_method`, `flat_pricing_flag`, `taxRate`, `oa_min_open_amt`, `bl_stamp_name`, `loan_type`, `batch_flag`, `delay_flag`, `min_delay_rate`, `min_delay_fee_rate`, `batch_flag_day`, `need_attach`)
VALUES ('395', '巴中市交通建设有限公司', '111', '海尔金融保理(重庆)有限公司', '18:00:00', '1000.00', '0.00', '0.00', '100', '0.00', '12', '0', '100', '0', '26', '1', '1', '120', '1', '201611', '0', '20190227', '183000', '0', '20190215', '1', '0', '1', '2', '1', '', '1', '2', '6.00', '0.00', '', '0', '0', '1', '0.00', '0.00', '0', NULL);
INSERT INTO `haier`.`eb_core_factoring`
( `core_ent_id`, `core_ent_name`, `bl_ent_id`, `bl_ent_name`, `rz_time_out`, `min_rz_amt`, `min_open_amt`, `min_interest`, `min_ebill_percent`, `min_offline_pay`, `prepayment_min_days`, `is_split_bill`, `default_ebill_percent`, `oa_start_m`, `oa_start_d`, `end_pay_start_day`, `is_holiday_delay`, `acct_limit_date`, `delegate_pattern`, `filter_date`, `creator_id`, `create_date`, `create_time`, `modifier_id`, `modify_date`, `repeat_open_bill`, `prepare_pay_date`, `prepare_cash_date_method`, `premature_payment_flag`, `amount_payment_flag`, `stamp_name`, `actual_cash_date_method`, `flat_pricing_flag`, `taxRate`, `oa_min_open_amt`, `bl_stamp_name`, `loan_type`, `batch_flag`, `delay_flag`, `min_delay_rate`, `min_delay_fee_rate`, `batch_flag_day`, `need_attach`)
VALUES ('398', '西安市建总工程集团有限公司', '111', '海尔金融保理(重庆)有限公司', '18:00:00', '1000.00', '0.00', '0.00', '100', '0.00', '12', '0', '100', '0', '26', '1', '1', '120', '1', '201611', '0', '20190227', '183000', '0', '20190215', '1', '0', '1', '2', '1', '', '1', '2', '6.00', '0.00', '', '0', '0', '1', '0.00', '0.00', '0', NULL);


INSERT INTO `haier`.`eb_pay_type_dictionary` (`type_flag`, `core_ent_id`, `core_ent_name`, `pay_type`, `pay_type_name`, `create_date`, `create_time`, `creator_id`, `modify_date`, `modifier_id`) VALUES ('0', '395', '巴中市交通建设有限公司', 'M0', '挂账即付现汇', '20180904', '183000', '0', NULL, NULL);
INSERT INTO `haier`.`eb_pay_type_dictionary` (`type_flag`, `core_ent_id`, `core_ent_name`, `pay_type`, `pay_type_name`, `create_date`, `create_time`, `creator_id`, `modify_date`, `modifier_id`) VALUES ('1', '395', '巴中市交通建设有限公司', 'M0', 'OA0天', '20180904', '183000', '0', NULL, NULL);
INSERT INTO `haier`.`eb_pay_type_dictionary` (`type_flag`, `core_ent_id`, `core_ent_name`, `pay_type`, `pay_type_name`, `create_date`, `create_time`, `creator_id`, `modify_date`, `modifier_id`) VALUES ('0', '395', '巴中市交通建设有限公司', 'M1', '挂账即付1个月银承', '20180904', '183000', '0', NULL, NULL);
INSERT INTO `haier`.`eb_pay_type_dictionary` (`type_flag`, `core_ent_id`, `core_ent_name`, `pay_type`, `pay_type_name`, `create_date`, `create_time`, `creator_id`, `modify_date`, `modifier_id`) VALUES ('0', '395', '巴中市交通建设有限公司', 'M10', '挂账即付10个月银承', '20180904', '183000', '0', NULL, NULL);
INSERT INTO `haier`.`eb_pay_type_dictionary` (`type_flag`, `core_ent_id`, `core_ent_name`, `pay_type`, `pay_type_name`, `create_date`, `create_time`, `creator_id`, `modify_date`, `modifier_id`) VALUES ('0', '395', '巴中市交通建设有限公司', 'M11', '挂账即付11个月银承', '20180904', '183000', '0', NULL, NULL);
INSERT INTO `haier`.`eb_pay_type_dictionary` (`type_flag`, `core_ent_id`, `core_ent_name`, `pay_type`, `pay_type_name`, `create_date`, `create_time`, `creator_id`, `modify_date`, `modifier_id`) VALUES ('0', '395', '巴中市交通建设有限公司', 'M12', '挂账即付12个月银承', '20180904', '183000', '0', NULL, NULL);
INSERT INTO `haier`.`eb_pay_type_dictionary` (`type_flag`, `core_ent_id`, `core_ent_name`, `pay_type`, `pay_type_name`, `create_date`, `create_time`, `creator_id`, `modify_date`, `modifier_id`) VALUES ('0', '395', '巴中市交通建设有限公司', 'M2', '挂账即付2个月银承', '20180904', '183000', '0', NULL, NULL);
INSERT INTO `haier`.`eb_pay_type_dictionary` (`type_flag`, `core_ent_id`, `core_ent_name`, `pay_type`, `pay_type_name`, `create_date`, `create_time`, `creator_id`, `modify_date`, `modifier_id`) VALUES ('0', '395', '巴中市交通建设有限公司', 'M3', '挂账即付3个月银承', '20180904', '183000', '0', NULL, NULL);
INSERT INTO `haier`.`eb_pay_type_dictionary` (`type_flag`, `core_ent_id`, `core_ent_name`, `pay_type`, `pay_type_name`, `create_date`, `create_time`, `creator_id`, `modify_date`, `modifier_id`) VALUES ('0', '395', '巴中市交通建设有限公司', 'M4', '挂账即付4个月银承', '20180904', '183000', '0', NULL, NULL);
INSERT INTO `haier`.`eb_pay_type_dictionary` (`type_flag`, `core_ent_id`, `core_ent_name`, `pay_type`, `pay_type_name`, `create_date`, `create_time`, `creator_id`, `modify_date`, `modifier_id`) VALUES ('0', '395', '巴中市交通建设有限公司', 'M5', '挂账即付5个月银承', '20180904', '183000', '0', NULL, NULL);
INSERT INTO `haier`.`eb_pay_type_dictionary` (`type_flag`, `core_ent_id`, `core_ent_name`, `pay_type`, `pay_type_name`, `create_date`, `create_time`, `creator_id`, `modify_date`, `modifier_id`) VALUES ('0', '395', '巴中市交通建设有限公司', 'M6', '挂账即付6个月银承', '20180904', '183000', '0', NULL, NULL);
INSERT INTO `haier`.`eb_pay_type_dictionary` (`type_flag`, `core_ent_id`, `core_ent_name`, `pay_type`, `pay_type_name`, `create_date`, `create_time`, `creator_id`, `modify_date`, `modifier_id`) VALUES ('0', '395', '巴中市交通建设有限公司', 'M7', '挂账即付7个月银承', '20180904', '183000', '0', NULL, NULL);
INSERT INTO `haier`.`eb_pay_type_dictionary` (`type_flag`, `core_ent_id`, `core_ent_name`, `pay_type`, `pay_type_name`, `create_date`, `create_time`, `creator_id`, `modify_date`, `modifier_id`) VALUES ('0', '395', '巴中市交通建设有限公司', 'M8', '挂账即付8个月银承', '20180904', '183000', '0', NULL, NULL);
INSERT INTO `haier`.`eb_pay_type_dictionary` (`type_flag`, `core_ent_id`, `core_ent_name`, `pay_type`, `pay_type_name`, `create_date`, `create_time`, `creator_id`, `modify_date`, `modifier_id`) VALUES ('0', '395', '巴中市交通建设有限公司', 'M9', '挂账即付9个月银承', '20180904', '183000', '0', NULL, NULL);


INSERT INTO `haier`.`eb_pay_type_dictionary` (`type_flag`, `core_ent_id`, `core_ent_name`, `pay_type`, `pay_type_name`, `create_date`, `create_time`, `creator_id`, `modify_date`, `modifier_id`) VALUES ('0', '398', '西安市建总工程集团有限公司', 'M0', '挂账即付现汇', '20180904', '183000', '0', NULL, NULL);
INSERT INTO `haier`.`eb_pay_type_dictionary` (`type_flag`, `core_ent_id`, `core_ent_name`, `pay_type`, `pay_type_name`, `create_date`, `create_time`, `creator_id`, `modify_date`, `modifier_id`) VALUES ('1', '398', '西安市建总工程集团有限公司', 'M0', 'OA0天', '20180904', '183000', '0', NULL, NULL);
INSERT INTO `haier`.`eb_pay_type_dictionary` (`type_flag`, `core_ent_id`, `core_ent_name`, `pay_type`, `pay_type_name`, `create_date`, `create_time`, `creator_id`, `modify_date`, `modifier_id`) VALUES ('0', '398', '西安市建总工程集团有限公司', 'M1', '挂账即付1个月银承', '20180904', '183000', '0', NULL, NULL);
INSERT INTO `haier`.`eb_pay_type_dictionary` (`type_flag`, `core_ent_id`, `core_ent_name`, `pay_type`, `pay_type_name`, `create_date`, `create_time`, `creator_id`, `modify_date`, `modifier_id`) VALUES ('0', '398', '西安市建总工程集团有限公司', 'M10', '挂账即付10个月银承', '20180904', '183000', '0', NULL, NULL);
INSERT INTO `haier`.`eb_pay_type_dictionary` (`type_flag`, `core_ent_id`, `core_ent_name`, `pay_type`, `pay_type_name`, `create_date`, `create_time`, `creator_id`, `modify_date`, `modifier_id`) VALUES ('0', '398', '西安市建总工程集团有限公司', 'M11', '挂账即付11个月银承', '20180904', '183000', '0', NULL, NULL);
INSERT INTO `haier`.`eb_pay_type_dictionary` (`type_flag`, `core_ent_id`, `core_ent_name`, `pay_type`, `pay_type_name`, `create_date`, `create_time`, `creator_id`, `modify_date`, `modifier_id`) VALUES ('0', '398', '西安市建总工程集团有限公司', 'M12', '挂账即付12个月银承', '20180904', '183000', '0', NULL, NULL);
INSERT INTO `haier`.`eb_pay_type_dictionary` (`type_flag`, `core_ent_id`, `core_ent_name`, `pay_type`, `pay_type_name`, `create_date`, `create_time`, `creator_id`, `modify_date`, `modifier_id`) VALUES ('0', '398', '西安市建总工程集团有限公司', 'M2', '挂账即付2个月银承', '20180904', '183000', '0', NULL, NULL);
INSERT INTO `haier`.`eb_pay_type_dictionary` (`type_flag`, `core_ent_id`, `core_ent_name`, `pay_type`, `pay_type_name`, `create_date`, `create_time`, `creator_id`, `modify_date`, `modifier_id`) VALUES ('0', '398', '西安市建总工程集团有限公司', 'M3', '挂账即付3个月银承', '20180904', '183000', '0', NULL, NULL);
INSERT INTO `haier`.`eb_pay_type_dictionary` (`type_flag`, `core_ent_id`, `core_ent_name`, `pay_type`, `pay_type_name`, `create_date`, `create_time`, `creator_id`, `modify_date`, `modifier_id`) VALUES ('0', '398', '西安市建总工程集团有限公司', 'M4', '挂账即付4个月银承', '20180904', '183000', '0', NULL, NULL);
INSERT INTO `haier`.`eb_pay_type_dictionary` (`type_flag`, `core_ent_id`, `core_ent_name`, `pay_type`, `pay_type_name`, `create_date`, `create_time`, `creator_id`, `modify_date`, `modifier_id`) VALUES ('0', '398', '西安市建总工程集团有限公司', 'M5', '挂账即付5个月银承', '20180904', '183000', '0', NULL, NULL);
INSERT INTO `haier`.`eb_pay_type_dictionary` (`type_flag`, `core_ent_id`, `core_ent_name`, `pay_type`, `pay_type_name`, `create_date`, `create_time`, `creator_id`, `modify_date`, `modifier_id`) VALUES ('0', '398', '西安市建总工程集团有限公司', 'M6', '挂账即付6个月银承', '20180904', '183000', '0', NULL, NULL);
INSERT INTO `haier`.`eb_pay_type_dictionary` (`type_flag`, `core_ent_id`, `core_ent_name`, `pay_type`, `pay_type_name`, `create_date`, `create_time`, `creator_id`, `modify_date`, `modifier_id`) VALUES ('0', '398', '西安市建总工程集团有限公司', 'M7', '挂账即付7个月银承', '20180904', '183000', '0', NULL, NULL);
INSERT INTO `haier`.`eb_pay_type_dictionary` (`type_flag`, `core_ent_id`, `core_ent_name`, `pay_type`, `pay_type_name`, `create_date`, `create_time`, `creator_id`, `modify_date`, `modifier_id`) VALUES ('0', '398', '西安市建总工程集团有限公司', 'M8', '挂账即付8个月银承', '20180904', '183000', '0', NULL, NULL);
INSERT INTO `haier`.`eb_pay_type_dictionary` (`type_flag`, `core_ent_id`, `core_ent_name`, `pay_type`, `pay_type_name`, `create_date`, `create_time`, `creator_id`, `modify_date`, `modifier_id`) VALUES ('0', '398', '西安市建总工程集团有限公司', 'M9', '挂账即付9个月银承', '20180904', '183000', '0', NULL, NULL);


INSERT INTO `haier`.`eb_r_ent_bl` (`ent_id`, `ent_name`, `bl_ent_id`, `bl_ent_name`, `create_date`, `create_time`, `creator_id`, `modify_date`, `modifier_id`) VALUES (395, '巴中市交通建设有限公司', '111', '海尔金融保理(重庆)有限公司', '20190227', '190000', '0', NULL, NULL);
INSERT INTO `haier`.`eb_r_ent_bl` (`ent_id`, `ent_name`, `bl_ent_id`, `bl_ent_name`, `create_date`, `create_time`, `creator_id`, `modify_date`, `modifier_id`) VALUES (398, '西安市建总工程集团有限公司', '111', '海尔金融保理(重庆)有限公司', '20190227', '190000', '0', NULL, NULL);





